survey_id,pct_hh_below_3.17,pct_hh_below_3.94,pct_hh_below_4.60,pct_hh_below_5.26,pct_hh_below_5.88,pct_hh_below_6.47,pct_hh_below_7.06,pct_hh_below_7.70,pct_hh_below_8.40,pct_hh_below_9.13,pct_hh_below_9.87,pct_hh_below_10.70,pct_hh_below_11.62,pct_hh_below_12.69,pct_hh_below_14.03,pct_hh_below_15.64,pct_hh_below_17.76,pct_hh_below_20.99,pct_hh_below_27.37
100000,0.06736375236385446,0.11892715497777008,0.16990527089322968,0.2218647794864799,0.2715635265740077,0.319585068446893,0.36632853143189037,0.4198160841239748,0.4714538313311524,0.5237977735194375,0.5744125038859443,0.6230906881650801,0.6712629013274836,0.7213293757133801,0.7733032309568747,0.8197700175334314,0.8651209430481088,0.9090751781147639,0.9542385589318391
200000,0.05932569096123055,0.11156039813694893,0.1590232454718215,0.21175388895584818,0.2631001340181517,0.31175814010427066,0.356913894461566,0.4076313354475794,0.46344330185054566,0.5129313516428735,0.5593611482057317,0.609336824256935,0.6592913841004382,0.7080432503344407,0.7609318777806301,0.8090451105142001,0.8603502084287529,0.9063846884982621,0.9528049967210963
300000,0.04980335690713668,0.1003810795861071,0.14950154335080076,0.20014444988668156,0.25019209252172053,0.30021080213347995,0.34959562948388834,0.3999302348248445,0.4498449577365705,0.49992952764149123,0.550081679677303,0.5999260224718272,0.650088198062994,0.6996173523116748,0.7503409392440333,0.8001114582458962,0.8500808187584381,0.8999736497333151,0.9499877780268293
